k,coef,se
-3,0.12468926988658617,0.0016821807407950277
-2,-0.029094645984129405,0.0009788128255279712
-1,-0.054305206617827846,0.0020641356692532777
0,0.2140067969175293,0.002078732207989503
1,-0.005876310231241588,0.0018868193785090289
2,0.062353061991584836,0.0018325266931381531
3,-0.09054461095092953,0.0010927931892105948
