model,coef,se,pvalue,n,r2_within,r2_overall
main_twfe,0.3053449877444236,0.0025554243260857757,0.0,844338,0.42882666765429767,0.27940844941689413
